metric,value
accuracy,0.6416666666666667
precision,0.6813655761024182
recall,0.5322222222222223
f1,0.5976294447910169
